brand,brand_slug,display_name,product_slug,local_image_key,external_name,external_slug,confidence,category,price_reference,description,image_url_external,source
"AFNAN",afnan,"9AM Dive",9am-dive,products/afnan/9am-dive/01.jpg,"Afnan 9 AM Dive set de regalo",afnan-afnan-9-am-dive-set-de-regalo,0.49,,280250,"Sumérgete en una experiencia refrescante con el Gift Set 9 AM Dive de Afnan, una fragancia moderna, energética y llena de vitalidad. Diseñada para el hombre dinámico que busca comenzar cada día con actitud y frescura, esta composición combina cítricos chispeantes con un fondo cálido y especiado. Contenido del set: 100 ml Eau de Parfum 150 ml Gel de ducha 150 ml Desodorante perfumado en spray Este set es ideal como regalo o para quienes desean disfrutar de una experiencia olfativa completa con ar","https://cdn.shopify.com/s/files/1/0847/7553/4899/files/Afnan_9_AM_Dive_set_de_regalo.png?v=1748461366",local-assets+disfragancias
"AFNAN",afnan,"9AM Product",9am-product,products/afnan/9am-product/01.jpg,"Afnan Lynked Freedom Black",afnan-afnan-lynked-freedom-black,0.4,decants,23750,"El Aroma de la Libertad Absoluta Este perfume está inspirado en Azzaro The Most Wanted Parfum y MYSLF Le parfum de YSL. Lynked Freedom es una fragancia Aromática Especiada que evoca la sensación de un horizonte abierto y sin límites. Lanzada en 2025 y bajo la dirección creativa de Imran Fazlani , esta esencia es una sinfonía de frescura y calidez. Su apertura vibrante de toronja y salvia despierta los sentidos, mientras que su corazón especiado de cardamomo y enebro aporta una masculinidad refin","https://cdn.shopify.com/s/files/1/0847/7553/4899/files/1_1fb948aa-4d41-4a44-bd7d-a96f9f4bc5d8.jpg?v=1771882627",local-assets+disfragancias
"AFNAN",afnan,"9amdiveside",9amdiveside,products/afnan/9amdiveside/01.jpg,"Afnan Lynked Freedom Black",afnan-afnan-lynked-freedom-black,0.4,decants,23750,"El Aroma de la Libertad Absoluta Este perfume está inspirado en Azzaro The Most Wanted Parfum y MYSLF Le parfum de YSL. Lynked Freedom es una fragancia Aromática Especiada que evoca la sensación de un horizonte abierto y sin límites. Lanzada en 2025 y bajo la dirección creativa de Imran Fazlani , esta esencia es una sinfonía de frescura y calidez. Su apertura vibrante de toronja y salvia despierta los sentidos, mientras que su corazón especiado de cardamomo y enebro aporta una masculinidad refin","https://cdn.shopify.com/s/files/1/0847/7553/4899/files/1_1fb948aa-4d41-4a44-bd7d-a96f9f4bc5d8.jpg?v=1771882627",local-assets+disfragancias
"AFNAN",afnan,"9PM 02",9pm-02,products/afnan/9pm-02/01.jpg,"Afnan Lynked Freedom Black",afnan-afnan-lynked-freedom-black,0.4,decants,23750,"El Aroma de la Libertad Absoluta Este perfume está inspirado en Azzaro The Most Wanted Parfum y MYSLF Le parfum de YSL. Lynked Freedom es una fragancia Aromática Especiada que evoca la sensación de un horizonte abierto y sin límites. Lanzada en 2025 y bajo la dirección creativa de Imran Fazlani , esta esencia es una sinfonía de frescura y calidez. Su apertura vibrante de toronja y salvia despierta los sentidos, mientras que su corazón especiado de cardamomo y enebro aporta una masculinidad refin","https://cdn.shopify.com/s/files/1/0847/7553/4899/files/1_1fb948aa-4d41-4a44-bd7d-a96f9f4bc5d8.jpg?v=1771882627",local-assets+disfragancias
"AFNAN",afnan,"9PM Product",9pm-product,products/afnan/9pm-product/01.jpg,"Afnan Lynked Freedom Black",afnan-afnan-lynked-freedom-black,0.4,decants,23750,"El Aroma de la Libertad Absoluta Este perfume está inspirado en Azzaro The Most Wanted Parfum y MYSLF Le parfum de YSL. Lynked Freedom es una fragancia Aromática Especiada que evoca la sensación de un horizonte abierto y sin límites. Lanzada en 2025 y bajo la dirección creativa de Imran Fazlani , esta esencia es una sinfonía de frescura y calidez. Su apertura vibrante de toronja y salvia despierta los sentidos, mientras que su corazón especiado de cardamomo y enebro aporta una masculinidad refin","https://cdn.shopify.com/s/files/1/0847/7553/4899/files/1_1fb948aa-4d41-4a44-bd7d-a96f9f4bc5d8.jpg?v=1771882627",local-assets+disfragancias
"AFNAN",afnan,"9pmfront",9pmfront,products/afnan/9pmfront/01.jpg,"Afnan Lynked Freedom Black",afnan-afnan-lynked-freedom-black,0.4,decants,23750,"El Aroma de la Libertad Absoluta Este perfume está inspirado en Azzaro The Most Wanted Parfum y MYSLF Le parfum de YSL. Lynked Freedom es una fragancia Aromática Especiada que evoca la sensación de un horizonte abierto y sin límites. Lanzada en 2025 y bajo la dirección creativa de Imran Fazlani , esta esencia es una sinfonía de frescura y calidez. Su apertura vibrante de toronja y salvia despierta los sentidos, mientras que su corazón especiado de cardamomo y enebro aporta una masculinidad refin","https://cdn.shopify.com/s/files/1/0847/7553/4899/files/1_1fb948aa-4d41-4a44-bd7d-a96f9f4bc5d8.jpg?v=1771882627",local-assets+disfragancias
"AFNAN",afnan,"Untitled Design",untitled-design,products/afnan/untitled-design/01.jpg,"Afnan Lynked Freedom Black",afnan-afnan-lynked-freedom-black,0.4,decants,23750,"El Aroma de la Libertad Absoluta Este perfume está inspirado en Azzaro The Most Wanted Parfum y MYSLF Le parfum de YSL. Lynked Freedom es una fragancia Aromática Especiada que evoca la sensación de un horizonte abierto y sin límites. Lanzada en 2025 y bajo la dirección creativa de Imran Fazlani , esta esencia es una sinfonía de frescura y calidez. Su apertura vibrante de toronja y salvia despierta los sentidos, mientras que su corazón especiado de cardamomo y enebro aporta una masculinidad refin","https://cdn.shopify.com/s/files/1/0847/7553/4899/files/1_1fb948aa-4d41-4a44-bd7d-a96f9f4bc5d8.jpg?v=1771882627",local-assets+disfragancias
"AL HARAMAIN",al-haramain,"1149bn",1149bn,products/al-haramain/1149bn/01.jpg,"Al haramain tanasuk aceite puro",al-haramain-al-haramain-tanasuk-aceite-puro,0.4,,114000,"Al Haramain Tanasuk es un aceite puro que encarna la seducción en su forma más exquisita. Rico en los opulentos aromas de rosa, azafrán, ámbar y vainilla , esta fragancia oriental se fusiona a la perfección para crear una experiencia olfativa sofisticada y única. Las profundas notas de almizcle, pachulí y madera de guayaco añaden una intensidad y un efecto duradero que la hacen irresistible. Su lujosa botella es una declaración en sí misma, ideal para esa ocasión especial. Fabricada en cristal b","https://cdn.shopify.com/s/files/1/0847/7553/4899/files/1_b02d041a-5887-4cc5-95ab-192b0ee699cc.jpg?v=1748392786",local-assets+disfragancias
"AL HARAMAIN",al-haramain,"1483 Combo",1483-combo,products/al-haramain/1483-combo/01.jpg,"Al haramain tanasuk aceite puro",al-haramain-al-haramain-tanasuk-aceite-puro,0.4,,114000,"Al Haramain Tanasuk es un aceite puro que encarna la seducción en su forma más exquisita. Rico en los opulentos aromas de rosa, azafrán, ámbar y vainilla , esta fragancia oriental se fusiona a la perfección para crear una experiencia olfativa sofisticada y única. Las profundas notas de almizcle, pachulí y madera de guayaco añaden una intensidad y un efecto duradero que la hacen irresistible. Su lujosa botella es una declaración en sí misma, ideal para esa ocasión especial. Fabricada en cristal b","https://cdn.shopify.com/s/files/1/0847/7553/4899/files/1_b02d041a-5887-4cc5-95ab-192b0ee699cc.jpg?v=1748392786",local-assets+disfragancias
"AL HARAMAIN",al-haramain,"Ahp1013 Amber Oud Gold Edition 100ml 1",ahp1013-amber-oud-gold-edition-100ml-1,products/al-haramain/ahp1013-amber-oud-gold-edition-100ml-1/01.jpg,"Al haramain amber oud gold edition 999.9",al-haramain-al-haramain-amber-oud-gold-edition-99-9,0.67,decants,28500,"Dubái es una ciudad vibrante y culturalmente diversa, llena de aromas y experiencias que capturan su esencia única. Una fragancia que refleja esta esencia es Haramain Amber Oud Gold 999.9, Dubai Edition. Este perfume se despliega como un viaje a través del tiempo y la cultura de Dubái, donde cada nota es un reflejo de su herencia rica y multifacética. Desde las notas de salida de pera, naranja, bergamota y limón, la fragancia evoca la frescura de este dinámico destino. Con notas de melón, jazmín","https://cdn.shopify.com/s/files/1/0847/7553/4899/files/Haramain_Amber_Oud_Gold_Edition_99.9_c93dd2f0-0969-44b6-9313-17c9dfa14acc.png?v=1731008469",local-assets+disfragancias
"AL HARAMAIN",al-haramain,"Ahp1015 Amber Oud Blue Edition 100ml",ahp1015-amber-oud-blue-edition-100ml,products/al-haramain/ahp1015-amber-oud-blue-edition-100ml/01.jpg,"Al haramain amber oud gold edition 999.9",al-haramain-al-haramain-amber-oud-gold-edition-99-9,0.58,decants,28500,"Dubái es una ciudad vibrante y culturalmente diversa, llena de aromas y experiencias que capturan su esencia única. Una fragancia que refleja esta esencia es Haramain Amber Oud Gold 999.9, Dubai Edition. Este perfume se despliega como un viaje a través del tiempo y la cultura de Dubái, donde cada nota es un reflejo de su herencia rica y multifacética. Desde las notas de salida de pera, naranja, bergamota y limón, la fragancia evoca la frescura de este dinámico destino. Con notas de melón, jazmín","https://cdn.shopify.com/s/files/1/0847/7553/4899/files/Haramain_Amber_Oud_Gold_Edition_99.9_c93dd2f0-0969-44b6-9313-17c9dfa14acc.png?v=1731008469",local-assets+disfragancias
"AL HARAMAIN",al-haramain,"Ahp1053 Laventure Rose1",ahp1053-laventure-rose1,products/al-haramain/ahp1053-laventure-rose1/01.jpg,"Al haramain tanasuk aceite puro",al-haramain-al-haramain-tanasuk-aceite-puro,0.4,,114000,"Al Haramain Tanasuk es un aceite puro que encarna la seducción en su forma más exquisita. Rico en los opulentos aromas de rosa, azafrán, ámbar y vainilla , esta fragancia oriental se fusiona a la perfección para crear una experiencia olfativa sofisticada y única. Las profundas notas de almizcle, pachulí y madera de guayaco añaden una intensidad y un efecto duradero que la hacen irresistible. Su lujosa botella es una declaración en sí misma, ideal para esa ocasión especial. Fabricada en cristal b","https://cdn.shopify.com/s/files/1/0847/7553/4899/files/1_b02d041a-5887-4cc5-95ab-192b0ee699cc.jpg?v=1748392786",local-assets+disfragancias
"AL HARAMAIN",al-haramain,"Ahp1485 With Box",ahp1485-with-box,products/al-haramain/ahp1485-with-box/01.jpg,"Al haramain tanasuk aceite puro",al-haramain-al-haramain-tanasuk-aceite-puro,0.4,,114000,"Al Haramain Tanasuk es un aceite puro que encarna la seducción en su forma más exquisita. Rico en los opulentos aromas de rosa, azafrán, ámbar y vainilla , esta fragancia oriental se fusiona a la perfección para crear una experiencia olfativa sofisticada y única. Las profundas notas de almizcle, pachulí y madera de guayaco añaden una intensidad y un efecto duradero que la hacen irresistible. Su lujosa botella es una declaración en sí misma, ideal para esa ocasión especial. Fabricada en cristal b","https://cdn.shopify.com/s/files/1/0847/7553/4899/files/1_b02d041a-5887-4cc5-95ab-192b0ee699cc.jpg?v=1748392786",local-assets+disfragancias
"AL HARAMAIN",al-haramain,"Ahp1604 Haramain Laventure 01",ahp1604-haramain-laventure-01,products/al-haramain/ahp1604-haramain-laventure-01/01.jpg,"Al haramain tanasuk aceite puro",al-haramain-al-haramain-tanasuk-aceite-puro,0.48,,114000,"Al Haramain Tanasuk es un aceite puro que encarna la seducción en su forma más exquisita. Rico en los opulentos aromas de rosa, azafrán, ámbar y vainilla , esta fragancia oriental se fusiona a la perfección para crear una experiencia olfativa sofisticada y única. Las profundas notas de almizcle, pachulí y madera de guayaco añaden una intensidad y un efecto duradero que la hacen irresistible. Su lujosa botella es una declaración en sí misma, ideal para esa ocasión especial. Fabricada en cristal b","https://cdn.shopify.com/s/files/1/0847/7553/4899/files/1_b02d041a-5887-4cc5-95ab-192b0ee699cc.jpg?v=1748392786",local-assets+disfragancias
"AL HARAMAIN",al-haramain,"Ahp1909 Haramain Laventure Blanche 100ml",ahp1909-haramain-laventure-blanche-100ml,products/al-haramain/ahp1909-haramain-laventure-blanche-100ml/01.jpg,"Al haramain french collection blanche",al-haramain-al-haramain-french-collection-blanche,0.55,decants,23750,"Blanche de Al Haramain Perfumes es una fragancia unisex moderna y sofisticada, diseñada para quienes buscan un equilibrio entre frescura y calidez. Su apertura vibrante combina el dulzor exótico del lichi y la pitahaya con la frescura de la bergamota y un sutil toque especiado de nuez moscada, creando una primera impresión envolvente y única. En su corazón, la suavidad de la rosa y la peonía se fusiona con la calidez de la vainilla, aportando un matiz elegante y ligeramente cremoso. Finalmente, ","https://cdn.shopify.com/s/files/1/0847/7553/4899/files/Al_Haramain_Blanche.png?v=1738621186",local-assets+disfragancias
"ARABIYAT",arabiyat,"Arabiyat Prestige Mens Marwa Edp Spray 34 Oz Fragrances 6290361912348",arabiyat-prestige-mens-marwa-edp-spray-34-oz-fragrances-6290361912348,products/arabiyat/arabiyat-prestige-mens-marwa-edp-spray-34-oz-fragrances-6290361912348/01.jpg,"Arabiyat Prestige Marwa",arabiyat-prestige-arabiyat-prestige-marwa,0.54,decants,23750,"Este perfume se encuentra inspirado en Louis Vuitton Imagination. Experimenta la esencia de la sofisticación vibrante con Marwa de Arabiyat Prestige , una fragancia cítrica aromática diseñada para el hombre que busca una presencia fresca, energética y distintiva. Lanzada en 2025 , esta nueva creación promete ser un pilar en el repertorio del caballero contemporáneo. La fragancia se abre con una explosión luminosa y revitalizante de cítricos mediterráneos . La chispeante bergamota de Calabria se ","https://cdn.shopify.com/s/files/1/0847/7553/4899/files/1_8e59bc39-4048-4149-ba09-5bcf83586ae3.jpg?v=1753876993",local-assets+disfragancias
"Ariana Grande",ariana-grande,"290625",290625,products/ariana-grande/290625/01.jpg,"Ariana Grande Mod Vanilla set de regalo navidad",ariana-grande-ariana-grande-mod-vanilla-set-de-regalo-navidad,0.4,,399000,"El Set de Regalo Esencial para Amantes de la Vainilla Moderna Si buscas un regalo que defina la elegancia suave y la dulzura confortable , el set de Mod Vanilla es la elección ideal. Lanzada en 2022, esta fragancia es la versión más minimalista y sofisticada de la dulzura de Ariana Grande, perfecta para quien ama la vainilla cremosa sin ser empalagosa. Mod Vanilla es una fragancia Oriental Vainilla que comienza con una introducción inesperada y elegante. Un velo suave de Almizcle se fusiona con ","https://cdn.shopify.com/s/files/1/0847/7553/4899/files/Ariana_Grande_Mod_Vanilla_set_de_regalo_navidad.jpg?v=1764863341",local-assets+disfragancias
"Ariana Grande",ariana-grande,"305097",305097,products/ariana-grande/305097/01.jpg,"Ariana Grande Mod Vanilla set de regalo navidad",ariana-grande-ariana-grande-mod-vanilla-set-de-regalo-navidad,0.4,,399000,"El Set de Regalo Esencial para Amantes de la Vainilla Moderna Si buscas un regalo que defina la elegancia suave y la dulzura confortable , el set de Mod Vanilla es la elección ideal. Lanzada en 2022, esta fragancia es la versión más minimalista y sofisticada de la dulzura de Ariana Grande, perfecta para quien ama la vainilla cremosa sin ser empalagosa. Mod Vanilla es una fragancia Oriental Vainilla que comienza con una introducción inesperada y elegante. Un velo suave de Almizcle se fusiona con ","https://cdn.shopify.com/s/files/1/0847/7553/4899/files/Ariana_Grande_Mod_Vanilla_set_de_regalo_navidad.jpg?v=1764863341",local-assets+disfragancias
"Ariana Grande",ariana-grande,"335865",335865,products/ariana-grande/335865/01.jpg,"Ariana Grande Mod Vanilla set de regalo navidad",ariana-grande-ariana-grande-mod-vanilla-set-de-regalo-navidad,0.4,,399000,"El Set de Regalo Esencial para Amantes de la Vainilla Moderna Si buscas un regalo que defina la elegancia suave y la dulzura confortable , el set de Mod Vanilla es la elección ideal. Lanzada en 2022, esta fragancia es la versión más minimalista y sofisticada de la dulzura de Ariana Grande, perfecta para quien ama la vainilla cremosa sin ser empalagosa. Mod Vanilla es una fragancia Oriental Vainilla que comienza con una introducción inesperada y elegante. Un velo suave de Almizcle se fusiona con ","https://cdn.shopify.com/s/files/1/0847/7553/4899/files/Ariana_Grande_Mod_Vanilla_set_de_regalo_navidad.jpg?v=1764863341",local-assets+disfragancias
"Ariana Grande",ariana-grande,"353726",353726,products/ariana-grande/353726/01.jpg,"Ariana Grande Mod Vanilla set de regalo navidad",ariana-grande-ariana-grande-mod-vanilla-set-de-regalo-navidad,0.4,,399000,"El Set de Regalo Esencial para Amantes de la Vainilla Moderna Si buscas un regalo que defina la elegancia suave y la dulzura confortable , el set de Mod Vanilla es la elección ideal. Lanzada en 2022, esta fragancia es la versión más minimalista y sofisticada de la dulzura de Ariana Grande, perfecta para quien ama la vainilla cremosa sin ser empalagosa. Mod Vanilla es una fragancia Oriental Vainilla que comienza con una introducción inesperada y elegante. Un velo suave de Almizcle se fusiona con ","https://cdn.shopify.com/s/files/1/0847/7553/4899/files/Ariana_Grande_Mod_Vanilla_set_de_regalo_navidad.jpg?v=1764863341",local-assets+disfragancias
"Ariana Grande",ariana-grande,"455644",455644,products/ariana-grande/455644/01.jpg,"Ariana Grande Mod Vanilla set de regalo navidad",ariana-grande-ariana-grande-mod-vanilla-set-de-regalo-navidad,0.4,,399000,"El Set de Regalo Esencial para Amantes de la Vainilla Moderna Si buscas un regalo que defina la elegancia suave y la dulzura confortable , el set de Mod Vanilla es la elección ideal. Lanzada en 2022, esta fragancia es la versión más minimalista y sofisticada de la dulzura de Ariana Grande, perfecta para quien ama la vainilla cremosa sin ser empalagosa. Mod Vanilla es una fragancia Oriental Vainilla que comienza con una introducción inesperada y elegante. Un velo suave de Almizcle se fusiona con ","https://cdn.shopify.com/s/files/1/0847/7553/4899/files/Ariana_Grande_Mod_Vanilla_set_de_regalo_navidad.jpg?v=1764863341",local-assets+disfragancias
"Ariana Grande",ariana-grande,"464725",464725,products/ariana-grande/464725/01.jpg,"Ariana Grande Mod Vanilla set de regalo navidad",ariana-grande-ariana-grande-mod-vanilla-set-de-regalo-navidad,0.4,,399000,"El Set de Regalo Esencial para Amantes de la Vainilla Moderna Si buscas un regalo que defina la elegancia suave y la dulzura confortable , el set de Mod Vanilla es la elección ideal. Lanzada en 2022, esta fragancia es la versión más minimalista y sofisticada de la dulzura de Ariana Grande, perfecta para quien ama la vainilla cremosa sin ser empalagosa. Mod Vanilla es una fragancia Oriental Vainilla que comienza con una introducción inesperada y elegante. Un velo suave de Almizcle se fusiona con ","https://cdn.shopify.com/s/files/1/0847/7553/4899/files/Ariana_Grande_Mod_Vanilla_set_de_regalo_navidad.jpg?v=1764863341",local-assets+disfragancias
"Ariana Grande",ariana-grande,"464727",464727,products/ariana-grande/464727/01.jpg,"Ariana Grande Mod Vanilla set de regalo navidad",ariana-grande-ariana-grande-mod-vanilla-set-de-regalo-navidad,0.4,,399000,"El Set de Regalo Esencial para Amantes de la Vainilla Moderna Si buscas un regalo que defina la elegancia suave y la dulzura confortable , el set de Mod Vanilla es la elección ideal. Lanzada en 2022, esta fragancia es la versión más minimalista y sofisticada de la dulzura de Ariana Grande, perfecta para quien ama la vainilla cremosa sin ser empalagosa. Mod Vanilla es una fragancia Oriental Vainilla que comienza con una introducción inesperada y elegante. Un velo suave de Almizcle se fusiona con ","https://cdn.shopify.com/s/files/1/0847/7553/4899/files/Ariana_Grande_Mod_Vanilla_set_de_regalo_navidad.jpg?v=1764863341",local-assets+disfragancias
"Ariana Grande",ariana-grande,"486159",486159,products/ariana-grande/486159/01.jpg,"Ariana Grande Mod Vanilla set de regalo navidad",ariana-grande-ariana-grande-mod-vanilla-set-de-regalo-navidad,0.4,,399000,"El Set de Regalo Esencial para Amantes de la Vainilla Moderna Si buscas un regalo que defina la elegancia suave y la dulzura confortable , el set de Mod Vanilla es la elección ideal. Lanzada en 2022, esta fragancia es la versión más minimalista y sofisticada de la dulzura de Ariana Grande, perfecta para quien ama la vainilla cremosa sin ser empalagosa. Mod Vanilla es una fragancia Oriental Vainilla que comienza con una introducción inesperada y elegante. Un velo suave de Almizcle se fusiona con ","https://cdn.shopify.com/s/files/1/0847/7553/4899/files/Ariana_Grande_Mod_Vanilla_set_de_regalo_navidad.jpg?v=1764863341",local-assets+disfragancias
"Ariana Grande",ariana-grande,"500872",500872,products/ariana-grande/500872/01.jpg,"Ariana Grande Mod Vanilla set de regalo navidad",ariana-grande-ariana-grande-mod-vanilla-set-de-regalo-navidad,0.4,,399000,"El Set de Regalo Esencial para Amantes de la Vainilla Moderna Si buscas un regalo que defina la elegancia suave y la dulzura confortable , el set de Mod Vanilla es la elección ideal. Lanzada en 2022, esta fragancia es la versión más minimalista y sofisticada de la dulzura de Ariana Grande, perfecta para quien ama la vainilla cremosa sin ser empalagosa. Mod Vanilla es una fragancia Oriental Vainilla que comienza con una introducción inesperada y elegante. Un velo suave de Almizcle se fusiona con ","https://cdn.shopify.com/s/files/1/0847/7553/4899/files/Ariana_Grande_Mod_Vanilla_set_de_regalo_navidad.jpg?v=1764863341",local-assets+disfragancias
"Armaf",armaf,"200ml",200ml,products/armaf/200ml/01.jpg,"Armaf Club de Nuit Woman Extrait de Parfum",armaf-armaf-club-de-nuit-woman-extrait-de-parfum,0.4,decants,27000,"El Brillo Eterno de la Feminidad Club De Nuit Woman Extrait de Armaf es una declaración de poder, lujo y seducción. Lanzada en 2025 , esta nueva interpretación en concentración Extrait de Parfum lleva el ADN icónico de la colección a una dimensión más densa, rica y sofisticada. Es la representación olfativa de una noche de gala bajo las luces de la ciudad: la frescura efervescente de los cítricos se funde con un corazón floral aterciopelado, reposando sobre una base magnética de maderas y vainil","https://cdn.shopify.com/s/files/1/0847/7553/4899/files/Armaf_Club_de_Nuit_Woman_Extrait_de_Parfum.jpg?v=1773195609",local-assets+disfragancias
"Armaf",armaf,"2 Ezgif.com Webp To Jpg Converter",2-ezgifcom-webp-to-jpg-converter,products/armaf/2-ezgifcom-webp-to-jpg-converter/01.jpg,"Armaf Club de Nuit Woman Extrait de Parfum",armaf-armaf-club-de-nuit-woman-extrait-de-parfum,0.4,decants,27000,"El Brillo Eterno de la Feminidad Club De Nuit Woman Extrait de Armaf es una declaración de poder, lujo y seducción. Lanzada en 2025 , esta nueva interpretación en concentración Extrait de Parfum lleva el ADN icónico de la colección a una dimensión más densa, rica y sofisticada. Es la representación olfativa de una noche de gala bajo las luces de la ciudad: la frescura efervescente de los cítricos se funde con un corazón floral aterciopelado, reposando sobre una base magnética de maderas y vainil","https://cdn.shopify.com/s/files/1/0847/7553/4899/files/Armaf_Club_de_Nuit_Woman_Extrait_de_Parfum.jpg?v=1773195609",local-assets+disfragancias
"Armaf",armaf,"35721 11",35721-11,products/armaf/35721-11/01.jpg,"Armaf Club de Nuit Woman Extrait de Parfum",armaf-armaf-club-de-nuit-woman-extrait-de-parfum,0.4,decants,27000,"El Brillo Eterno de la Feminidad Club De Nuit Woman Extrait de Armaf es una declaración de poder, lujo y seducción. Lanzada en 2025 , esta nueva interpretación en concentración Extrait de Parfum lleva el ADN icónico de la colección a una dimensión más densa, rica y sofisticada. Es la representación olfativa de una noche de gala bajo las luces de la ciudad: la frescura efervescente de los cítricos se funde con un corazón floral aterciopelado, reposando sobre una base magnética de maderas y vainil","https://cdn.shopify.com/s/files/1/0847/7553/4899/files/Armaf_Club_de_Nuit_Woman_Extrait_de_Parfum.jpg?v=1773195609",local-assets+disfragancias
"Armaf",armaf,"35721 13",35721-13,products/armaf/35721-13/01.jpg,"Armaf Club de Nuit Woman Extrait de Parfum",armaf-armaf-club-de-nuit-woman-extrait-de-parfum,0.4,decants,27000,"El Brillo Eterno de la Feminidad Club De Nuit Woman Extrait de Armaf es una declaración de poder, lujo y seducción. Lanzada en 2025 , esta nueva interpretación en concentración Extrait de Parfum lleva el ADN icónico de la colección a una dimensión más densa, rica y sofisticada. Es la representación olfativa de una noche de gala bajo las luces de la ciudad: la frescura efervescente de los cítricos se funde con un corazón floral aterciopelado, reposando sobre una base magnética de maderas y vainil","https://cdn.shopify.com/s/files/1/0847/7553/4899/files/Armaf_Club_de_Nuit_Woman_Extrait_de_Parfum.jpg?v=1773195609",local-assets+disfragancias
"Armaf",armaf,"35721 3",35721-3,products/armaf/35721-3/01.jpg,"Armaf Club de Nuit Woman Extrait de Parfum",armaf-armaf-club-de-nuit-woman-extrait-de-parfum,0.4,decants,27000,"El Brillo Eterno de la Feminidad Club De Nuit Woman Extrait de Armaf es una declaración de poder, lujo y seducción. Lanzada en 2025 , esta nueva interpretación en concentración Extrait de Parfum lleva el ADN icónico de la colección a una dimensión más densa, rica y sofisticada. Es la representación olfativa de una noche de gala bajo las luces de la ciudad: la frescura efervescente de los cítricos se funde con un corazón floral aterciopelado, reposando sobre una base magnética de maderas y vainil","https://cdn.shopify.com/s/files/1/0847/7553/4899/files/Armaf_Club_de_Nuit_Woman_Extrait_de_Parfum.jpg?v=1773195609",local-assets+disfragancias
"Armaf",armaf,"514mtbtpnol",514mtbtpnol,products/armaf/514mtbtpnol/01.jpg,"Armaf Club de Nuit Woman Extrait de Parfum",armaf-armaf-club-de-nuit-woman-extrait-de-parfum,0.4,decants,27000,"El Brillo Eterno de la Feminidad Club De Nuit Woman Extrait de Armaf es una declaración de poder, lujo y seducción. Lanzada en 2025 , esta nueva interpretación en concentración Extrait de Parfum lleva el ADN icónico de la colección a una dimensión más densa, rica y sofisticada. Es la representación olfativa de una noche de gala bajo las luces de la ciudad: la frescura efervescente de los cítricos se funde con un corazón floral aterciopelado, reposando sobre una base magnética de maderas y vainil","https://cdn.shopify.com/s/files/1/0847/7553/4899/files/Armaf_Club_de_Nuit_Woman_Extrait_de_Parfum.jpg?v=1773195609",local-assets+disfragancias
"Armaf",armaf,"61edpq JR1L. UF1000 1000 QL80",61edpq-jr1l-uf1000-1000-ql80,products/armaf/61edpq-jr1l-uf1000-1000-ql80/01.jpg,"Armaf Club de Nuit Woman Extrait de Parfum",armaf-armaf-club-de-nuit-woman-extrait-de-parfum,0.4,decants,27000,"El Brillo Eterno de la Feminidad Club De Nuit Woman Extrait de Armaf es una declaración de poder, lujo y seducción. Lanzada en 2025 , esta nueva interpretación en concentración Extrait de Parfum lleva el ADN icónico de la colección a una dimensión más densa, rica y sofisticada. Es la representación olfativa de una noche de gala bajo las luces de la ciudad: la frescura efervescente de los cítricos se funde con un corazón floral aterciopelado, reposando sobre una base magnética de maderas y vainil","https://cdn.shopify.com/s/files/1/0847/7553/4899/files/Armaf_Club_de_Nuit_Woman_Extrait_de_Parfum.jpg?v=1773195609",local-assets+disfragancias
"Armaf",armaf,"65",65,products/armaf/65/01.jpg,"Armaf Club de Nuit Woman Extrait de Parfum",armaf-armaf-club-de-nuit-woman-extrait-de-parfum,0.4,decants,27000,"El Brillo Eterno de la Feminidad Club De Nuit Woman Extrait de Armaf es una declaración de poder, lujo y seducción. Lanzada en 2025 , esta nueva interpretación en concentración Extrait de Parfum lleva el ADN icónico de la colección a una dimensión más densa, rica y sofisticada. Es la representación olfativa de una noche de gala bajo las luces de la ciudad: la frescura efervescente de los cítricos se funde con un corazón floral aterciopelado, reposando sobre una base magnética de maderas y vainil","https://cdn.shopify.com/s/files/1/0847/7553/4899/files/Armaf_Club_de_Nuit_Woman_Extrait_de_Parfum.jpg?v=1773195609",local-assets+disfragancias
"Armaf",armaf,"68",68,products/armaf/68/01.jpg,"Armaf Club de Nuit Woman Extrait de Parfum",armaf-armaf-club-de-nuit-woman-extrait-de-parfum,0.4,decants,27000,"El Brillo Eterno de la Feminidad Club De Nuit Woman Extrait de Armaf es una declaración de poder, lujo y seducción. Lanzada en 2025 , esta nueva interpretación en concentración Extrait de Parfum lleva el ADN icónico de la colección a una dimensión más densa, rica y sofisticada. Es la representación olfativa de una noche de gala bajo las luces de la ciudad: la frescura efervescente de los cítricos se funde con un corazón floral aterciopelado, reposando sobre una base magnética de maderas y vainil","https://cdn.shopify.com/s/files/1/0847/7553/4899/files/Armaf_Club_de_Nuit_Woman_Extrait_de_Parfum.jpg?v=1773195609",local-assets+disfragancias
"Armaf",armaf,"DUBAI CHOCOLATE",dubai-chocolate,products/armaf/dubai-chocolate/01.jpg,"Armaf Odyssey Dubai Chocolat",armaf-armaf-odyssey-dubai-chocolat,0.52,decants,23750,"Odyssey Dubai Chocolat de Armaf, lanzado en 2025, es una fragancia unisex de la familia olfativa Oriental Vainilla que combina notas dulces y especiadas para ofrecer una experiencia sensorial única. Esta eau de parfum se inspira en la rica tradición de los dulces árabes, fusionando ingredientes como el chocolate, el pistacho y el café para crear una esencia sofisticada y envolvente. Las notas de salida incluyen café, pistacho, praliné, avellana y Knafeh, una delicia tradicional de la pastelería ","https://cdn.shopify.com/s/files/1/0847/7553/4899/files/Armaf_Odyssey_Dubai_Chocolat.png?v=1741372850",local-assets+disfragancias
"Armaf",armaf,"GS Odysseylimoni Photogrid.pngdisplayinggs Odysseylimoni Photogrid.png.",gs-odysseylimoni-photogridpngdisplayinggs-odysseylimoni-photogridpng,products/armaf/gs-odysseylimoni-photogridpngdisplayinggs-odysseylimoni-photogridpng/01.jpg,"Armaf Club de Nuit Woman Extrait de Parfum",armaf-armaf-club-de-nuit-woman-extrait-de-parfum,0.4,decants,27000,"El Brillo Eterno de la Feminidad Club De Nuit Woman Extrait de Armaf es una declaración de poder, lujo y seducción. Lanzada en 2025 , esta nueva interpretación en concentración Extrait de Parfum lleva el ADN icónico de la colección a una dimensión más densa, rica y sofisticada. Es la representación olfativa de una noche de gala bajo las luces de la ciudad: la frescura efervescente de los cítricos se funde con un corazón floral aterciopelado, reposando sobre una base magnética de maderas y vainil","https://cdn.shopify.com/s/files/1/0847/7553/4899/files/Armaf_Club_de_Nuit_Woman_Extrait_de_Parfum.jpg?v=1773195609",local-assets+disfragancias
"Armaf",armaf,"ODYSSEYMANDARINSKYVINTAGEEDITION2",odysseymandarinskyvintageedition2,products/armaf/odysseymandarinskyvintageedition2/01.jpg,"Armaf Club de Nuit Woman Extrait de Parfum",armaf-armaf-club-de-nuit-woman-extrait-de-parfum,0.4,decants,27000,"El Brillo Eterno de la Feminidad Club De Nuit Woman Extrait de Armaf es una declaración de poder, lujo y seducción. Lanzada en 2025 , esta nueva interpretación en concentración Extrait de Parfum lleva el ADN icónico de la colección a una dimensión más densa, rica y sofisticada. Es la representación olfativa de una noche de gala bajo las luces de la ciudad: la frescura efervescente de los cítricos se funde con un corazón floral aterciopelado, reposando sobre una base magnética de maderas y vainil","https://cdn.shopify.com/s/files/1/0847/7553/4899/files/Armaf_Club_de_Nuit_Woman_Extrait_de_Parfum.jpg?v=1773195609",local-assets+disfragancias
"Armaf",armaf,"Q 106DCLUBDENUITINTENSE M FIF",q-106dclubdenuitintense-m-fif,products/armaf/q-106dclubdenuitintense-m-fif/01.jpg,"Armaf Club de Nuit Woman Extrait de Parfum",armaf-armaf-club-de-nuit-woman-extrait-de-parfum,0.4,decants,27000,"El Brillo Eterno de la Feminidad Club De Nuit Woman Extrait de Armaf es una declaración de poder, lujo y seducción. Lanzada en 2025 , esta nueva interpretación en concentración Extrait de Parfum lleva el ADN icónico de la colección a una dimensión más densa, rica y sofisticada. Es la representación olfativa de una noche de gala bajo las luces de la ciudad: la frescura efervescente de los cítricos se funde con un corazón floral aterciopelado, reposando sobre una base magnética de maderas y vainil","https://cdn.shopify.com/s/files/1/0847/7553/4899/files/Armaf_Club_de_Nuit_Woman_Extrait_de_Parfum.jpg?v=1773195609",local-assets+disfragancias
"Armaf",armaf,"Untitleddesign 2025 10 24T235342.652",untitleddesign-2025-10-24t235342652,products/armaf/untitleddesign-2025-10-24t235342652/01.jpg,"Armaf Club de Nuit Woman Extrait de Parfum",armaf-armaf-club-de-nuit-woman-extrait-de-parfum,0.4,decants,27000,"El Brillo Eterno de la Feminidad Club De Nuit Woman Extrait de Armaf es una declaración de poder, lujo y seducción. Lanzada en 2025 , esta nueva interpretación en concentración Extrait de Parfum lleva el ADN icónico de la colección a una dimensión más densa, rica y sofisticada. Es la representación olfativa de una noche de gala bajo las luces de la ciudad: la frescura efervescente de los cítricos se funde con un corazón floral aterciopelado, reposando sobre una base magnética de maderas y vainil","https://cdn.shopify.com/s/files/1/0847/7553/4899/files/Armaf_Club_de_Nuit_Woman_Extrait_de_Parfum.jpg?v=1773195609",local-assets+disfragancias
"Armaf",armaf,"Untitleddesign",untitleddesign,products/armaf/untitleddesign/01.jpg,"Armaf Club de Nuit Woman Extrait de Parfum",armaf-armaf-club-de-nuit-woman-extrait-de-parfum,0.4,decants,27000,"El Brillo Eterno de la Feminidad Club De Nuit Woman Extrait de Armaf es una declaración de poder, lujo y seducción. Lanzada en 2025 , esta nueva interpretación en concentración Extrait de Parfum lleva el ADN icónico de la colección a una dimensión más densa, rica y sofisticada. Es la representación olfativa de una noche de gala bajo las luces de la ciudad: la frescura efervescente de los cítricos se funde con un corazón floral aterciopelado, reposando sobre una base magnética de maderas y vainil","https://cdn.shopify.com/s/files/1/0847/7553/4899/files/Armaf_Club_de_Nuit_Woman_Extrait_de_Parfum.jpg?v=1773195609",local-assets+disfragancias
"Armaf",armaf,"Armafbeach",armafbeach,products/armaf/armafbeach/01.jpg,"Armaf Club de Nuit Woman Extrait de Parfum",armaf-armaf-club-de-nuit-woman-extrait-de-parfum,0.4,decants,27000,"El Brillo Eterno de la Feminidad Club De Nuit Woman Extrait de Armaf es una declaración de poder, lujo y seducción. Lanzada en 2025 , esta nueva interpretación en concentración Extrait de Parfum lleva el ADN icónico de la colección a una dimensión más densa, rica y sofisticada. Es la representación olfativa de una noche de gala bajo las luces de la ciudad: la frescura efervescente de los cítricos se funde con un corazón floral aterciopelado, reposando sobre una base magnética de maderas y vainil","https://cdn.shopify.com/s/files/1/0847/7553/4899/files/Armaf_Club_de_Nuit_Woman_Extrait_de_Parfum.jpg?v=1773195609",local-assets+disfragancias
"Armaf",armaf,"Armafislandbliss",armafislandbliss,products/armaf/armafislandbliss/01.jpg,"Armaf Club de Nuit Woman Extrait de Parfum",armaf-armaf-club-de-nuit-woman-extrait-de-parfum,0.4,decants,27000,"El Brillo Eterno de la Feminidad Club De Nuit Woman Extrait de Armaf es una declaración de poder, lujo y seducción. Lanzada en 2025 , esta nueva interpretación en concentración Extrait de Parfum lleva el ADN icónico de la colección a una dimensión más densa, rica y sofisticada. Es la representación olfativa de una noche de gala bajo las luces de la ciudad: la frescura efervescente de los cítricos se funde con un corazón floral aterciopelado, reposando sobre una base magnética de maderas y vainil","https://cdn.shopify.com/s/files/1/0847/7553/4899/files/Armaf_Club_de_Nuit_Woman_Extrait_de_Parfum.jpg?v=1773195609",local-assets+disfragancias
"Armaf",armaf,"Edit 15",edit-15,products/armaf/edit-15/01.jpg,"Armaf Club de Nuit Woman Extrait de Parfum",armaf-armaf-club-de-nuit-woman-extrait-de-parfum,0.4,decants,27000,"El Brillo Eterno de la Feminidad Club De Nuit Woman Extrait de Armaf es una declaración de poder, lujo y seducción. Lanzada en 2025 , esta nueva interpretación en concentración Extrait de Parfum lleva el ADN icónico de la colección a una dimensión más densa, rica y sofisticada. Es la representación olfativa de una noche de gala bajo las luces de la ciudad: la frescura efervescente de los cítricos se funde con un corazón floral aterciopelado, reposando sobre una base magnética de maderas y vainil","https://cdn.shopify.com/s/files/1/0847/7553/4899/files/Armaf_Club_de_Nuit_Woman_Extrait_de_Parfum.jpg?v=1773195609",local-assets+disfragancias
"Armaf",armaf,"Image 2023 05 04T091929.691",image-2023-05-04t091929691,products/armaf/image-2023-05-04t091929691/01.jpg,"Armaf Club de Nuit Woman Extrait de Parfum",armaf-armaf-club-de-nuit-woman-extrait-de-parfum,0.4,decants,27000,"El Brillo Eterno de la Feminidad Club De Nuit Woman Extrait de Armaf es una declaración de poder, lujo y seducción. Lanzada en 2025 , esta nueva interpretación en concentración Extrait de Parfum lleva el ADN icónico de la colección a una dimensión más densa, rica y sofisticada. Es la representación olfativa de una noche de gala bajo las luces de la ciudad: la frescura efervescente de los cítricos se funde con un corazón floral aterciopelado, reposando sobre una base magnética de maderas y vainil","https://cdn.shopify.com/s/files/1/0847/7553/4899/files/Armaf_Club_de_Nuit_Woman_Extrait_de_Parfum.jpg?v=1773195609",local-assets+disfragancias
"Armaf",armaf,"Image 2023 05 04T112339.859",image-2023-05-04t112339859,products/armaf/image-2023-05-04t112339859/01.jpg,"Armaf Club de Nuit Woman Extrait de Parfum",armaf-armaf-club-de-nuit-woman-extrait-de-parfum,0.4,decants,27000,"El Brillo Eterno de la Feminidad Club De Nuit Woman Extrait de Armaf es una declaración de poder, lujo y seducción. Lanzada en 2025 , esta nueva interpretación en concentración Extrait de Parfum lleva el ADN icónico de la colección a una dimensión más densa, rica y sofisticada. Es la representación olfativa de una noche de gala bajo las luces de la ciudad: la frescura efervescente de los cítricos se funde con un corazón floral aterciopelado, reposando sobre una base magnética de maderas y vainil","https://cdn.shopify.com/s/files/1/0847/7553/4899/files/Armaf_Club_de_Nuit_Woman_Extrait_de_Parfum.jpg?v=1773195609",local-assets+disfragancias
"Armaf",armaf,"Image",image,products/armaf/image/01.jpg,"Armaf Club de Nuit Woman Extrait de Parfum",armaf-armaf-club-de-nuit-woman-extrait-de-parfum,0.4,decants,27000,"El Brillo Eterno de la Feminidad Club De Nuit Woman Extrait de Armaf es una declaración de poder, lujo y seducción. Lanzada en 2025 , esta nueva interpretación en concentración Extrait de Parfum lleva el ADN icónico de la colección a una dimensión más densa, rica y sofisticada. Es la representación olfativa de una noche de gala bajo las luces de la ciudad: la frescura efervescente de los cítricos se funde con un corazón floral aterciopelado, reposando sobre una base magnética de maderas y vainil","https://cdn.shopify.com/s/files/1/0847/7553/4899/files/Armaf_Club_de_Nuit_Woman_Extrait_de_Parfum.jpg?v=1773195609",local-assets+disfragancias
"Armaf",armaf,"M6294015189599 White Xl 3 Ezgif.com Webp To Jpg Converter",m6294015189599-white-xl-3-ezgifcom-webp-to-jpg-converter,products/armaf/m6294015189599-white-xl-3-ezgifcom-webp-to-jpg-converter/01.jpg,"Armaf Odyssey Femme White Edition",armaf-armaf-odyssey-femme,0.45,decants,23750,"Descubre Odyssey Femme, una fragancia floral exquisita diseñada para resaltar tu feminidad. Las notas de salida combinan la dulzura de la ciruela y la miel con el frescor de la bergamota, mientras la gardenia y la tuberosa añaden un toque envolvente y seductor. En el corazón, un bouquet floral de jazmín, rosa y lirio de los valles, realzado por un toque especiado de azafrán, crea un equilibrio perfecto entre lo delicado y lo audaz. Finalmente, el cacao, la haba tonka y el almizcle ofrecen un fon","https://cdn.shopify.com/s/files/1/0847/7553/4899/files/armaf_odyssey_femme_white_edition.jpg?v=1735135053",local-assets+disfragancias
"Armaf",armaf,"Odyssey Homme 6.8",odyssey-homme-68,products/armaf/odyssey-homme-68/01.jpg,"Armaf Odyssey marshmallow",armaf-armaf-odyssey-marshmallow,0.55,decants,23750,"Un Viaje a un Paraíso Gourmand Odyssey Marshmallow de Armaf es una fragancia que te transporta a un mundo de ensueño, donde la dulzura de un postre se combina con la frescura de un jardín florecido. Esta fragancia, diseñada para ser disfrutada tanto por hombres como por mujeres, es una audaz mezcla de lo floral, lo frutal y lo gourmand. La fragancia se abre con un ramillete de notas de salida frescas y luminosas: el dulzor tropical del coco se une a la delicadeza de la peonía , la jugosidad de l","https://cdn.shopify.com/s/files/1/0847/7553/4899/files/1_5c434755-3e61-4bef-b0db-f1d49798d608.jpg?v=1758734061",local-assets+disfragancias
"Armaf",armaf,"Product 17270 Ezgif.com Webp To Jpg Converter",product-17270-ezgifcom-webp-to-jpg-converter,products/armaf/product-17270-ezgifcom-webp-to-jpg-converter/01.jpg,"Armaf Club de Nuit Woman Extrait de Parfum",armaf-armaf-club-de-nuit-woman-extrait-de-parfum,0.4,decants,27000,"El Brillo Eterno de la Feminidad Club De Nuit Woman Extrait de Armaf es una declaración de poder, lujo y seducción. Lanzada en 2025 , esta nueva interpretación en concentración Extrait de Parfum lleva el ADN icónico de la colección a una dimensión más densa, rica y sofisticada. Es la representación olfativa de una noche de gala bajo las luces de la ciudad: la frescura efervescente de los cítricos se funde con un corazón floral aterciopelado, reposando sobre una base magnética de maderas y vainil","https://cdn.shopify.com/s/files/1/0847/7553/4899/files/Armaf_Club_de_Nuit_Woman_Extrait_de_Parfum.jpg?v=1773195609",local-assets+disfragancias
"Bahara",bahara,"Bharara Mast Rome Pour Femme",bharara-mast-rome-pour-femme,products/bahara/bharara-mast-rome-pour-femme/01.jpg,"Bharara mast perfume rome pour femme",bharara-bharara-mast-perfume-rome-pour-femme,0.5,decants,20900,"Este perfume se encuentra inspirado en Valentino Donna Born In Roma. Bharara Mast Perfume Rome Pour Femme es una fragancia elegante y vibrante que irradia frescura y calidez a cada nota. Al abrirse, te envuelve en un estallido afrutado de grosellas negras, acentuado por el toque especiado del pimienta rosa y la luminosidad cítrica de la bergamota. En el corazón, el jazmín florece con una dulzura floral delicada, añadiendo un toque de sofisticación y gracia que resuena con la esencia de la mujer ","https://cdn.shopify.com/s/files/1/0847/7553/4899/files/Bharara_Mast_Rome_Pour_Femme_61f589d4-33ea-49b3-b577-ac1a376dd1af.png?v=1730127262",local-assets+disfragancias
"Creed",creed,"1500x1500 MI",1500x1500-mi,products/creed/1500x1500-mi/01.jpg,"Creed Oud Zarian",creed-creed-oud-zarian,0.4,decants,123500,"El Elixir de la Realeza en el Desierto Oud Zarian de Creed es la nueva obra maestra que redefine el lujo oriental, una fragancia diseñada para el hombre y la mujer que ostentan una sofisticación atemporal y un espíritu aventurero. Lanzada en 2025, esta fragancia Oriental Amaderada es un viaje hacia lo exótico, lo místico y lo profundamente sensual. El viaje inicia con una apertura vibrante y humeante que evoca un ritual ancestral: la bergamota aporta un brillo fugaz que es rápidamente envuelto p","https://cdn.shopify.com/s/files/1/0847/7553/4899/files/Creed_Oud_Zarian.jpg?v=1764213995",local-assets+disfragancias
"Creed",creed,"1500x1500 0000 Absolu Aventus 100ml Bottle 1 Jpg",1500x1500-0000-absolu-aventus-100ml-bottle-1-jpg,products/creed/1500x1500-0000-absolu-aventus-100ml-bottle-1-jpg/01.jpg,"Creed Oud Zarian",creed-creed-oud-zarian,0.4,decants,123500,"El Elixir de la Realeza en el Desierto Oud Zarian de Creed es la nueva obra maestra que redefine el lujo oriental, una fragancia diseñada para el hombre y la mujer que ostentan una sofisticación atemporal y un espíritu aventurero. Lanzada en 2025, esta fragancia Oriental Amaderada es un viaje hacia lo exótico, lo místico y lo profundamente sensual. El viaje inicia con una apertura vibrante y humeante que evoca un ritual ancestral: la bergamota aporta un brillo fugaz que es rápidamente envuelto p","https://cdn.shopify.com/s/files/1/0847/7553/4899/files/Creed_Oud_Zarian.jpg?v=1764213995",local-assets+disfragancias
"Creed",creed,"1500x1500 0000s 0016 Silver Mountain Water 100ml",1500x1500-0000s-0016-silver-mountain-water-100ml,products/creed/1500x1500-0000s-0016-silver-mountain-water-100ml/01.jpg,"Creed Oud Zarian",creed-creed-oud-zarian,0.4,decants,123500,"El Elixir de la Realeza en el Desierto Oud Zarian de Creed es la nueva obra maestra que redefine el lujo oriental, una fragancia diseñada para el hombre y la mujer que ostentan una sofisticación atemporal y un espíritu aventurero. Lanzada en 2025, esta fragancia Oriental Amaderada es un viaje hacia lo exótico, lo místico y lo profundamente sensual. El viaje inicia con una apertura vibrante y humeante que evoca un ritual ancestral: la bergamota aporta un brillo fugaz que es rápidamente envuelto p","https://cdn.shopify.com/s/files/1/0847/7553/4899/files/Creed_Oud_Zarian.jpg?v=1764213995",local-assets+disfragancias
"Creed",creed,"Aventus 50ml Bottle",aventus-50ml-bottle,products/creed/aventus-50ml-bottle/01.jpg,"Creed Oud Zarian",creed-creed-oud-zarian,0.4,decants,123500,"El Elixir de la Realeza en el Desierto Oud Zarian de Creed es la nueva obra maestra que redefine el lujo oriental, una fragancia diseñada para el hombre y la mujer que ostentan una sofisticación atemporal y un espíritu aventurero. Lanzada en 2025, esta fragancia Oriental Amaderada es un viaje hacia lo exótico, lo místico y lo profundamente sensual. El viaje inicia con una apertura vibrante y humeante que evoca un ritual ancestral: la bergamota aporta un brillo fugaz que es rápidamente envuelto p","https://cdn.shopify.com/s/files/1/0847/7553/4899/files/Creed_Oud_Zarian.jpg?v=1764213995",local-assets+disfragancias
"Creed",creed,"Viking 50ml Bottle",viking-50ml-bottle,products/creed/viking-50ml-bottle/01.jpg,"Creed Viking Cologne",creed-creed-viking-cologne,0.52,decants,76000,"Inspirada en la valentía y el espíritu indomable de los exploradores nórdicos, Viking Cologne de Creed es una fragancia refrescante y audaz diseñada para el hombre moderno que desafía los límites. Desde el primer instante, sus notas cítricas de mandarina, limón, bergamota y la chispeante pimienta rosa crean una apertura vibrante y enérgica. En el corazón, la fusión de lavanda, geranio, romero, salvia y nuez moscada aporta un carácter herbal y especiado, equilibrando frescura con sofisticación. F","https://cdn.shopify.com/s/files/1/0847/7553/4899/files/Creed_Viking_Colongne.png?v=1740771925",local-assets+disfragancias
"Lattafa",lattafa,"1 66",1-66,products/lattafa/1-66/01.jpg,"Lattafa Suqraat",lattafa-lattafa-suqraat,0.4,decants,20900,"Este perfume se encuentra inspirado en Acqua Di Gio Profumo de Giorgio Armani Suqraat es una fragancia elegante y atemporal que cautiva por su naturaleza opaca. Hay algunas notas que se pueden sentir inmediatamente como almizcle y lavanda que son la base del perfume. Esto se puede sentir a medida que crece en madurez.","https://cdn.shopify.com/s/files/1/0847/7553/4899/files/lattafa-suqraat.png?v=1704382288",local-assets+disfragancias
"Lattafa",lattafa,"16",16,products/lattafa/16/01.jpg,"Lattafa Suqraat",lattafa-lattafa-suqraat,0.4,decants,20900,"Este perfume se encuentra inspirado en Acqua Di Gio Profumo de Giorgio Armani Suqraat es una fragancia elegante y atemporal que cautiva por su naturaleza opaca. Hay algunas notas que se pueden sentir inmediatamente como almizcle y lavanda que son la base del perfume. Esto se puede sentir a medida que crece en madurez.","https://cdn.shopify.com/s/files/1/0847/7553/4899/files/lattafa-suqraat.png?v=1704382288",local-assets+disfragancias
"Lattafa",lattafa,"17",17,products/lattafa/17/01.jpg,"Lattafa Suqraat",lattafa-lattafa-suqraat,0.4,decants,20900,"Este perfume se encuentra inspirado en Acqua Di Gio Profumo de Giorgio Armani Suqraat es una fragancia elegante y atemporal que cautiva por su naturaleza opaca. Hay algunas notas que se pueden sentir inmediatamente como almizcle y lavanda que son la base del perfume. Esto se puede sentir a medida que crece en madurez.","https://cdn.shopify.com/s/files/1/0847/7553/4899/files/lattafa-suqraat.png?v=1704382288",local-assets+disfragancias
"Lattafa",lattafa,"1 1282228f D6e2 44b8 865d 4a1bd4bc65d6",1-1282228f-d6e2-44b8-865d-4a1bd4bc65d6,products/lattafa/1-1282228f-d6e2-44b8-865d-4a1bd4bc65d6/01.jpg,"Lattafa Suqraat",lattafa-lattafa-suqraat,0.4,decants,20900,"Este perfume se encuentra inspirado en Acqua Di Gio Profumo de Giorgio Armani Suqraat es una fragancia elegante y atemporal que cautiva por su naturaleza opaca. Hay algunas notas que se pueden sentir inmediatamente como almizcle y lavanda que son la base del perfume. Esto se puede sentir a medida que crece en madurez.","https://cdn.shopify.com/s/files/1/0847/7553/4899/files/lattafa-suqraat.png?v=1704382288",local-assets+disfragancias
"Lattafa",lattafa,"1 78bd61db E256 40a9 Aabe 198eaad677f5",1-78bd61db-e256-40a9-aabe-198eaad677f5,products/lattafa/1-78bd61db-e256-40a9-aabe-198eaad677f5/01.jpg,"Lattafa Suqraat",lattafa-lattafa-suqraat,0.4,decants,20900,"Este perfume se encuentra inspirado en Acqua Di Gio Profumo de Giorgio Armani Suqraat es una fragancia elegante y atemporal que cautiva por su naturaleza opaca. Hay algunas notas que se pueden sentir inmediatamente como almizcle y lavanda que son la base del perfume. Esto se puede sentir a medida que crece en madurez.","https://cdn.shopify.com/s/files/1/0847/7553/4899/files/lattafa-suqraat.png?v=1704382288",local-assets+disfragancias
"Lattafa",lattafa,"2 008dcbf5 1c60 4501 Abe2 Dafd2490c98f",2-008dcbf5-1c60-4501-abe2-dafd2490c98f,products/lattafa/2-008dcbf5-1c60-4501-abe2-dafd2490c98f/01.jpg,"Lattafa Suqraat",lattafa-lattafa-suqraat,0.4,decants,20900,"Este perfume se encuentra inspirado en Acqua Di Gio Profumo de Giorgio Armani Suqraat es una fragancia elegante y atemporal que cautiva por su naturaleza opaca. Hay algunas notas que se pueden sentir inmediatamente como almizcle y lavanda que son la base del perfume. Esto se puede sentir a medida que crece en madurez.","https://cdn.shopify.com/s/files/1/0847/7553/4899/files/lattafa-suqraat.png?v=1704382288",local-assets+disfragancias
"Lattafa",lattafa,"2 0de72c59 4763 4735 B1e7 D5086532f29d",2-0de72c59-4763-4735-b1e7-d5086532f29d,products/lattafa/2-0de72c59-4763-4735-b1e7-d5086532f29d/01.jpg,"Lattafa Suqraat",lattafa-lattafa-suqraat,0.4,decants,20900,"Este perfume se encuentra inspirado en Acqua Di Gio Profumo de Giorgio Armani Suqraat es una fragancia elegante y atemporal que cautiva por su naturaleza opaca. Hay algunas notas que se pueden sentir inmediatamente como almizcle y lavanda que son la base del perfume. Esto se puede sentir a medida que crece en madurez.","https://cdn.shopify.com/s/files/1/0847/7553/4899/files/lattafa-suqraat.png?v=1704382288",local-assets+disfragancias
"Lattafa",lattafa,"2 1b8e4113 2278 4e6a B5d7 1c814516d8bc",2-1b8e4113-2278-4e6a-b5d7-1c814516d8bc,products/lattafa/2-1b8e4113-2278-4e6a-b5d7-1c814516d8bc/01.jpg,"Lattafa Suqraat",lattafa-lattafa-suqraat,0.4,decants,20900,"Este perfume se encuentra inspirado en Acqua Di Gio Profumo de Giorgio Armani Suqraat es una fragancia elegante y atemporal que cautiva por su naturaleza opaca. Hay algunas notas que se pueden sentir inmediatamente como almizcle y lavanda que son la base del perfume. Esto se puede sentir a medida que crece en madurez.","https://cdn.shopify.com/s/files/1/0847/7553/4899/files/lattafa-suqraat.png?v=1704382288",local-assets+disfragancias
"Lattafa",lattafa,"2 2c672f1e 556e 4299 B773 33ec7ab824e3",2-2c672f1e-556e-4299-b773-33ec7ab824e3,products/lattafa/2-2c672f1e-556e-4299-b773-33ec7ab824e3/01.jpg,"Lattafa Suqraat",lattafa-lattafa-suqraat,0.4,decants,20900,"Este perfume se encuentra inspirado en Acqua Di Gio Profumo de Giorgio Armani Suqraat es una fragancia elegante y atemporal que cautiva por su naturaleza opaca. Hay algunas notas que se pueden sentir inmediatamente como almizcle y lavanda que son la base del perfume. Esto se puede sentir a medida que crece en madurez.","https://cdn.shopify.com/s/files/1/0847/7553/4899/files/lattafa-suqraat.png?v=1704382288",local-assets+disfragancias
"Lattafa",lattafa,"2 50ddc3a2 A248 4eeb 89bd D631b79df484",2-50ddc3a2-a248-4eeb-89bd-d631b79df484,products/lattafa/2-50ddc3a2-a248-4eeb-89bd-d631b79df484/01.jpg,"Lattafa Suqraat",lattafa-lattafa-suqraat,0.4,decants,20900,"Este perfume se encuentra inspirado en Acqua Di Gio Profumo de Giorgio Armani Suqraat es una fragancia elegante y atemporal que cautiva por su naturaleza opaca. Hay algunas notas que se pueden sentir inmediatamente como almizcle y lavanda que son la base del perfume. Esto se puede sentir a medida que crece en madurez.","https://cdn.shopify.com/s/files/1/0847/7553/4899/files/lattafa-suqraat.png?v=1704382288",local-assets+disfragancias
"Lattafa",lattafa,"2 585755fd 0e58 4a88 B511 9cc62121902d",2-585755fd-0e58-4a88-b511-9cc62121902d,products/lattafa/2-585755fd-0e58-4a88-b511-9cc62121902d/01.jpg,"Lattafa Suqraat",lattafa-lattafa-suqraat,0.4,decants,20900,"Este perfume se encuentra inspirado en Acqua Di Gio Profumo de Giorgio Armani Suqraat es una fragancia elegante y atemporal que cautiva por su naturaleza opaca. Hay algunas notas que se pueden sentir inmediatamente como almizcle y lavanda que son la base del perfume. Esto se puede sentir a medida que crece en madurez.","https://cdn.shopify.com/s/files/1/0847/7553/4899/files/lattafa-suqraat.png?v=1704382288",local-assets+disfragancias
"Lattafa",lattafa,"2 58ebd2d8 Dc1f 4b40 9b72 9bd086aa5396",2-58ebd2d8-dc1f-4b40-9b72-9bd086aa5396,products/lattafa/2-58ebd2d8-dc1f-4b40-9b72-9bd086aa5396/01.jpg,"Lattafa Suqraat",lattafa-lattafa-suqraat,0.4,decants,20900,"Este perfume se encuentra inspirado en Acqua Di Gio Profumo de Giorgio Armani Suqraat es una fragancia elegante y atemporal que cautiva por su naturaleza opaca. Hay algunas notas que se pueden sentir inmediatamente como almizcle y lavanda que son la base del perfume. Esto se puede sentir a medida que crece en madurez.","https://cdn.shopify.com/s/files/1/0847/7553/4899/files/lattafa-suqraat.png?v=1704382288",local-assets+disfragancias
"Lattafa",lattafa,"2 7963f526 Fea1 4b57 8bfb E95e34eb65b9",2-7963f526-fea1-4b57-8bfb-e95e34eb65b9,products/lattafa/2-7963f526-fea1-4b57-8bfb-e95e34eb65b9/01.jpg,"Lattafa Suqraat",lattafa-lattafa-suqraat,0.4,decants,20900,"Este perfume se encuentra inspirado en Acqua Di Gio Profumo de Giorgio Armani Suqraat es una fragancia elegante y atemporal que cautiva por su naturaleza opaca. Hay algunas notas que se pueden sentir inmediatamente como almizcle y lavanda que son la base del perfume. Esto se puede sentir a medida que crece en madurez.","https://cdn.shopify.com/s/files/1/0847/7553/4899/files/lattafa-suqraat.png?v=1704382288",local-assets+disfragancias
"Lattafa",lattafa,"2 797f16eb 8ff1 42c8 A1f0 Dce71b9b2bae",2-797f16eb-8ff1-42c8-a1f0-dce71b9b2bae,products/lattafa/2-797f16eb-8ff1-42c8-a1f0-dce71b9b2bae/01.jpg,"Lattafa Suqraat",lattafa-lattafa-suqraat,0.4,decants,20900,"Este perfume se encuentra inspirado en Acqua Di Gio Profumo de Giorgio Armani Suqraat es una fragancia elegante y atemporal que cautiva por su naturaleza opaca. Hay algunas notas que se pueden sentir inmediatamente como almizcle y lavanda que son la base del perfume. Esto se puede sentir a medida que crece en madurez.","https://cdn.shopify.com/s/files/1/0847/7553/4899/files/lattafa-suqraat.png?v=1704382288",local-assets+disfragancias
"Lattafa",lattafa,"2 7f7a2c86 3138 4e61 A04d 56907552a5aa",2-7f7a2c86-3138-4e61-a04d-56907552a5aa,products/lattafa/2-7f7a2c86-3138-4e61-a04d-56907552a5aa/01.jpg,"Lattafa Suqraat",lattafa-lattafa-suqraat,0.4,decants,20900,"Este perfume se encuentra inspirado en Acqua Di Gio Profumo de Giorgio Armani Suqraat es una fragancia elegante y atemporal que cautiva por su naturaleza opaca. Hay algunas notas que se pueden sentir inmediatamente como almizcle y lavanda que son la base del perfume. Esto se puede sentir a medida que crece en madurez.","https://cdn.shopify.com/s/files/1/0847/7553/4899/files/lattafa-suqraat.png?v=1704382288",local-assets+disfragancias
"Lattafa",lattafa,"2 899ab237 9c6c 47aa A8ca Cb8fb55ad828",2-899ab237-9c6c-47aa-a8ca-cb8fb55ad828,products/lattafa/2-899ab237-9c6c-47aa-a8ca-cb8fb55ad828/01.jpg,"Lattafa Suqraat",lattafa-lattafa-suqraat,0.4,decants,20900,"Este perfume se encuentra inspirado en Acqua Di Gio Profumo de Giorgio Armani Suqraat es una fragancia elegante y atemporal que cautiva por su naturaleza opaca. Hay algunas notas que se pueden sentir inmediatamente como almizcle y lavanda que son la base del perfume. Esto se puede sentir a medida que crece en madurez.","https://cdn.shopify.com/s/files/1/0847/7553/4899/files/lattafa-suqraat.png?v=1704382288",local-assets+disfragancias
"Lattafa",lattafa,"2 9c54476c B1d0 45ed 9bc9 F9f0e7678e56",2-9c54476c-b1d0-45ed-9bc9-f9f0e7678e56,products/lattafa/2-9c54476c-b1d0-45ed-9bc9-f9f0e7678e56/01.jpg,"Lattafa Suqraat",lattafa-lattafa-suqraat,0.4,decants,20900,"Este perfume se encuentra inspirado en Acqua Di Gio Profumo de Giorgio Armani Suqraat es una fragancia elegante y atemporal que cautiva por su naturaleza opaca. Hay algunas notas que se pueden sentir inmediatamente como almizcle y lavanda que son la base del perfume. Esto se puede sentir a medida que crece en madurez.","https://cdn.shopify.com/s/files/1/0847/7553/4899/files/lattafa-suqraat.png?v=1704382288",local-assets+disfragancias
"Lattafa",lattafa,"2 A89d9a61 8b32 43f9 8b71 39095df7302c",2-a89d9a61-8b32-43f9-8b71-39095df7302c,products/lattafa/2-a89d9a61-8b32-43f9-8b71-39095df7302c/01.jpg,"Lattafa Suqraat",lattafa-lattafa-suqraat,0.4,decants,20900,"Este perfume se encuentra inspirado en Acqua Di Gio Profumo de Giorgio Armani Suqraat es una fragancia elegante y atemporal que cautiva por su naturaleza opaca. Hay algunas notas que se pueden sentir inmediatamente como almizcle y lavanda que son la base del perfume. Esto se puede sentir a medida que crece en madurez.","https://cdn.shopify.com/s/files/1/0847/7553/4899/files/lattafa-suqraat.png?v=1704382288",local-assets+disfragancias
"Lattafa",lattafa,"2 Adc89105 B9ab 4e33 8af0 Db8095faf47a",2-adc89105-b9ab-4e33-8af0-db8095faf47a,products/lattafa/2-adc89105-b9ab-4e33-8af0-db8095faf47a/01.jpg,"Lattafa Suqraat",lattafa-lattafa-suqraat,0.4,decants,20900,"Este perfume se encuentra inspirado en Acqua Di Gio Profumo de Giorgio Armani Suqraat es una fragancia elegante y atemporal que cautiva por su naturaleza opaca. Hay algunas notas que se pueden sentir inmediatamente como almizcle y lavanda que son la base del perfume. Esto se puede sentir a medida que crece en madurez.","https://cdn.shopify.com/s/files/1/0847/7553/4899/files/lattafa-suqraat.png?v=1704382288",local-assets+disfragancias
"Lattafa",lattafa,"2 B2eadba7 6da0 4f1a 8c3d 9eddf8f8ecf3",2-b2eadba7-6da0-4f1a-8c3d-9eddf8f8ecf3,products/lattafa/2-b2eadba7-6da0-4f1a-8c3d-9eddf8f8ecf3/01.jpg,"Lattafa Suqraat",lattafa-lattafa-suqraat,0.4,decants,20900,"Este perfume se encuentra inspirado en Acqua Di Gio Profumo de Giorgio Armani Suqraat es una fragancia elegante y atemporal que cautiva por su naturaleza opaca. Hay algunas notas que se pueden sentir inmediatamente como almizcle y lavanda que son la base del perfume. Esto se puede sentir a medida que crece en madurez.","https://cdn.shopify.com/s/files/1/0847/7553/4899/files/lattafa-suqraat.png?v=1704382288",local-assets+disfragancias
"Lattafa",lattafa,"2 E8fe1696 D695 405e A55b 9984b298a9b9",2-e8fe1696-d695-405e-a55b-9984b298a9b9,products/lattafa/2-e8fe1696-d695-405e-a55b-9984b298a9b9/01.jpg,"Lattafa Suqraat",lattafa-lattafa-suqraat,0.4,decants,20900,"Este perfume se encuentra inspirado en Acqua Di Gio Profumo de Giorgio Armani Suqraat es una fragancia elegante y atemporal que cautiva por su naturaleza opaca. Hay algunas notas que se pueden sentir inmediatamente como almizcle y lavanda que son la base del perfume. Esto se puede sentir a medida que crece en madurez.","https://cdn.shopify.com/s/files/1/0847/7553/4899/files/lattafa-suqraat.png?v=1704382288",local-assets+disfragancias
"Lattafa",lattafa,"2 F0783ded 27cd 4e99 Ad6a 32e9b33eb77a",2-f0783ded-27cd-4e99-ad6a-32e9b33eb77a,products/lattafa/2-f0783ded-27cd-4e99-ad6a-32e9b33eb77a/01.jpg,"Lattafa Suqraat",lattafa-lattafa-suqraat,0.4,decants,20900,"Este perfume se encuentra inspirado en Acqua Di Gio Profumo de Giorgio Armani Suqraat es una fragancia elegante y atemporal que cautiva por su naturaleza opaca. Hay algunas notas que se pueden sentir inmediatamente como almizcle y lavanda que son la base del perfume. Esto se puede sentir a medida que crece en madurez.","https://cdn.shopify.com/s/files/1/0847/7553/4899/files/lattafa-suqraat.png?v=1704382288",local-assets+disfragancias
"Lattafa",lattafa,"2 F695aa04 79af 443c Bd01 7cf1abc514df",2-f695aa04-79af-443c-bd01-7cf1abc514df,products/lattafa/2-f695aa04-79af-443c-bd01-7cf1abc514df/01.jpg,"Lattafa Suqraat",lattafa-lattafa-suqraat,0.4,decants,20900,"Este perfume se encuentra inspirado en Acqua Di Gio Profumo de Giorgio Armani Suqraat es una fragancia elegante y atemporal que cautiva por su naturaleza opaca. Hay algunas notas que se pueden sentir inmediatamente como almizcle y lavanda que son la base del perfume. Esto se puede sentir a medida que crece en madurez.","https://cdn.shopify.com/s/files/1/0847/7553/4899/files/lattafa-suqraat.png?v=1704382288",local-assets+disfragancias
"Lattafa",lattafa,"5",5,products/lattafa/5/01.jpg,"Lattafa Pride set 5x20ML #5",lattafa-lattafa-pride-discovery-set-5x20ml-5,0.82,decants,228000,"La Esencia de la Distinción (5 x 20ml) El Lattafa Pride Set #5 es una invitación a explorar las facetas más luminosas y cautivadoras de la perfumería árabe. Este cofre exclusivo reúne cinco fragancias que destacan por su capacidad de evocar emociones, desde la ternura de un abrazo hasta la frescura de una brisa matutina. Presentado en un estuche de lujo con acabado minimalista, es la opción perfecta para quienes disfrutan de aromas con carácter, pero con una elegancia sutil y moderna. Un set imp","https://cdn.shopify.com/s/files/1/0847/7553/4899/files/5_87691601-25b7-4d8e-ae30-661288281440.jpg?v=1772057761",local-assets+disfragancias
"Lattafa",lattafa,"7",7,products/lattafa/7/01.jpg,"Set Sense Laverne by Georgina Rodriguez (75 ml  + Body powder)",georgina-rodriguez-sense-laverne-by-georgina-rodriguez,0.42,decants,522500,"La Caricia de Cachemira y la Chispa Floral Sense de Laverne es más que una fragancia; es una experiencia sensorial diseñada para la mujer que irradia una elegancia moderna y una dulzura sofisticada. Lanzada en 2024 y creada por la nariz Dalia Izem, esta fragancia Floral Frutal es el aroma de la feminidad sutil pero inolvidable. La fragancia se abre con una salida vibrante y frutal que despierta los sentidos: la jugosidad cítrica de la mandarina se equilibra con el toque oscuro y afrutado de las ","https://cdn.shopify.com/s/files/1/0847/7553/4899/files/PERFUME_Sense_Laverne_by_Georgina_Rodriguez.jpg?v=1768404160",local-assets+disfragancias
"Lattafa",lattafa,"8",8,products/lattafa/8/01.jpg,"Zakat Z28",zakat-zakat-z28,0.42,decants,23750,"La Pasión Española en una Estela Olfativa Este perfume está inspirado en Flamenco de Ramon Monegal Zakat Z28es mucho más que una fragancia es una fragancia profunda y apasionada, diseñada para quienes no temen ser el centro de atención y desean proyectar una sofisticación vibrante. La Salida Explosiva: Abre con una mezcla jugosa y brillante de frambuesa y manzana, matizada por la delicadeza de la violeta y la flor de azahar, creando un inicio dulce pero refrescante. El Corazón Floral y Artístico","https://cdn.shopify.com/s/files/1/0847/7553/4899/files/Zakat_Z28.jpg?v=1770049617",local-assets+disfragancias
"Lattafa",lattafa,"9",9,products/lattafa/9/01.jpg,"Afnan 9 PM Night Out",afnan-afnan-9-pm-night-out,0.42,decants,23750,"El Manifiesto de la Noche Infinita 9 PM Night Out es mucho más que un perfume; es el pase VIP a una experiencia sensorial inolvidable. Lanzada en 2026 , esta obra maestra de la familia Oriental Especiada es el resultado de la colaboración entre los maestros perfumistas Quentin Roussel e Imran Fazlani . Diseñada para hombres y mujeres que dominan la escena nocturna, esta fragancia fusiona la frescura exótica de las frutas con la calidez embriagadora del coñac y maderas de vanguardia. Es el aroma ","https://cdn.shopify.com/s/files/1/0847/7553/4899/files/Afnan_9_PM_Night_Out_COLOMBIA.jpg?v=1771282605",local-assets+disfragancias
"Lattafa",lattafa,"ASADELIXIRBOTTLE",asadelixirbottle,products/lattafa/asadelixirbottle/01.jpg,"Lattafa Suqraat",lattafa-lattafa-suqraat,0.4,decants,20900,"Este perfume se encuentra inspirado en Acqua Di Gio Profumo de Giorgio Armani Suqraat es una fragancia elegante y atemporal que cautiva por su naturaleza opaca. Hay algunas notas que se pueden sentir inmediatamente como almizcle y lavanda que son la base del perfume. Esto se puede sentir a medida que crece en madurez.","https://cdn.shopify.com/s/files/1/0847/7553/4899/files/lattafa-suqraat.png?v=1704382288",local-assets+disfragancias
"Lattafa",lattafa,"Afeef",afeef,products/lattafa/afeef/01.jpg,"Lattafa afeef",lattafa-lattafa-afeef,0.7,decants,25650,"Afeef de Lattafa Perfumes es una fragancia que encarna la sofisticación femenina. Su apertura combina la frescura jugosa del durazno, el toque picante de la pimienta rosa y la chispa cítrica de la bergamota, ofreciendo un inicio vibrante y cautivador. En el corazón, un bouquet floral de nardos, flor de azahar del naranjo y jazmín despliega una feminidad elegante y delicada. La base, con praliné dulce, sándalo cremoso, ámbar cálido y pachulí terroso, envuelve la fragancia en un final irresistible","https://cdn.shopify.com/s/files/1/0847/7553/4899/files/Lattafa_Afeer.png?v=1732980698",local-assets+disfragancias
"Lattafa",lattafa,"Asad Bourbon",asad-bourbon,products/lattafa/asad-bourbon/01.jpg,"Lattafa Asad Bourbon",lattafa-asad-bourbon,0.8,decants,23750,"Asad Bourbon de Lattafa Perfumes es una fragancia que captura la esencia de la sofisticación masculina con un toque atrevido y seductor. Su apertura vibrante combina la dulzura afrutada de la ciruela Mirabel, la frescura refinada de la lavanda y un toque especiado de pimienta rosa, creando una introducción cautivadora. En su corazón, el cálido cacao y la exótica nuez moscada se mezclan con la intensidad resinosa de la davana, añadiendo profundidad y un toque misterioso. Finalmente, su base irres","https://cdn.shopify.com/s/files/1/0847/7553/4899/files/Asad_Bourbon_Lattafa.png?v=1736898155",local-assets+disfragancias
"Lattafa",lattafa,"Asad Zanzibar",asad-zanzibar,products/lattafa/asad-zanzibar/01.jpg,"Lattafa Asad Zanzibar Limited Edition",lattafa-lattafa-asad-zanzibar-limited-edition,0.64,decants,23750,"Un Viaje Sensorial al Índico Asad Zanzibar Limited Edition de Lattafa Perfumes es una fragancia de la familia Oriental Especiada para hombres, lanzada en 2025 . Esta edición especial captura la esencia de un paraíso tropical, combinando la calidez característica de la línea Asad con una frescura marina y una limpieza jabonosa única. Es un aroma diseñado para el hombre que busca una elegancia relajada pero sofisticada, evocando la brisa de una isla exótica al atardecer. La fragancia se despliega ","https://cdn.shopify.com/s/files/1/0847/7553/4899/files/Lattafa_Asad_Zanzibar_Limited_Edition.jpg?v=1769487908",local-assets+disfragancias
"Lattafa",lattafa,"Badee Al Oud Amethyst",badee-al-oud-amethyst,products/lattafa/badee-al-oud-amethyst/01.jpg,"lattafa badee al oud noble blush",lattafa-lattafa-badee-al-oud-noble-blush,0.66,decants,25650,"Noble Blush , lanzada en 2024, es una creación innovadora de Lattafa Perfumes para mujeres que combina dulzura y elegancia. Perteneciente a la familia olfativa Floral Frutal Gourmand, esta fragancia despliega un aroma tan delicioso como encantador. Las notas de salida presentan una combinación de rosa y leche, que aportan una suavidad y feminidad exquisitas. En el corazón, las notas de merengue y almendra crean una esencia golosa que resulta tentadora y envolvente. Finalmente, el fondo de sándal","https://cdn.shopify.com/s/files/1/0847/7553/4899/files/Noble_Blush_dce3752c-8ae3-4a03-a56f-1389be0a720d.png?v=1730416633",local-assets+disfragancias
"Lattafa",lattafa,"Badee Al Oud Noble Blush",badee-al-oud-noble-blush,products/lattafa/badee-al-oud-noble-blush/01.jpg,"lattafa badee al oud noble blush",lattafa-lattafa-badee-al-oud-noble-blush,0.9,decants,25650,"Noble Blush , lanzada en 2024, es una creación innovadora de Lattafa Perfumes para mujeres que combina dulzura y elegancia. Perteneciente a la familia olfativa Floral Frutal Gourmand, esta fragancia despliega un aroma tan delicioso como encantador. Las notas de salida presentan una combinación de rosa y leche, que aportan una suavidad y feminidad exquisitas. En el corazón, las notas de merengue y almendra crean una esencia golosa que resulta tentadora y envolvente. Finalmente, el fondo de sándal","https://cdn.shopify.com/s/files/1/0847/7553/4899/files/Noble_Blush_dce3752c-8ae3-4a03-a56f-1389be0a720d.png?v=1730416633",local-assets+disfragancias
"Lattafa",lattafa,"Badee Al Oud Sublime",badee-al-oud-sublime,products/lattafa/badee-al-oud-sublime/01.jpg,"lattafa badee al oud noble blush",lattafa-lattafa-badee-al-oud-noble-blush,0.66,decants,25650,"Noble Blush , lanzada en 2024, es una creación innovadora de Lattafa Perfumes para mujeres que combina dulzura y elegancia. Perteneciente a la familia olfativa Floral Frutal Gourmand, esta fragancia despliega un aroma tan delicioso como encantador. Las notas de salida presentan una combinación de rosa y leche, que aportan una suavidad y feminidad exquisitas. En el corazón, las notas de merengue y almendra crean una esencia golosa que resulta tentadora y envolvente. Finalmente, el fondo de sándal","https://cdn.shopify.com/s/files/1/0847/7553/4899/files/Noble_Blush_dce3752c-8ae3-4a03-a56f-1389be0a720d.png?v=1730416633",local-assets+disfragancias
"Lattafa",lattafa,"Eclaire",eclaire,products/lattafa/eclaire/01.jpg,"Lattafa Eclaire Pistache",lattafa-lattafa-eclaire-pistache,0.6,decants,23750,"El Postre Prohibido de la Perfumería Prepárate para un deleite olfativo sin calorías con Lattafa Perfumes Eclaire Pistache , la nueva fragancia Oriental Vainilla que redefine el lujo gourmand en 2025. Creada por la perfumista Dalia Izem, este elixir unisex no es solo un aroma; es un postre artesanal, rico, cremoso y peligrosamente adictivo, inspirado en la sofisticación de la pastelería parisina y la calidez de un sabor oriental. Eclaire Pistache te seduce desde el primer instante con una doble ","https://cdn.shopify.com/s/files/1/0847/7553/4899/files/1_d89587cb-c63c-4b54-8fd8-4cf171d29ec5.jpg?v=1760190805",local-assets+disfragancias
"Lattafa",lattafa,"Haya",haya,products/lattafa/haya/01.jpg,"Lattafa Hayaati",lattafa-hayaati-lattafa,0.82,,190000,"Hayaati: El Pulso de la Vitalidad en un Aroma Hayaati de Lattafa Perfumes es una fragancia que captura la energía y la vitalidad. Su nombre, que significa ""mi vida"" en árabe, es un reflejo de su composición vibrante y llena de fuerza, ideal para quienes buscan un aroma que los impulse a vivir intensamente cada momento. La fragancia se abre con un inicio refrescante y frutal, donde la chispa de la manzana se une a la luminosa acidez de la bergamota . En su corazón, la calidez especiada de la ca","https://cdn.shopify.com/s/files/1/0847/7553/4899/files/1_5b611f7a-c10a-4681-9e1e-a22dc85e31e0.jpg?v=1756925164",local-assets+disfragancias
"Lattafa",lattafa,"IMG",img,products/lattafa/img/01.jpg,"Lattafa Suqraat",lattafa-lattafa-suqraat,0.4,decants,20900,"Este perfume se encuentra inspirado en Acqua Di Gio Profumo de Giorgio Armani Suqraat es una fragancia elegante y atemporal que cautiva por su naturaleza opaca. Hay algunas notas que se pueden sentir inmediatamente como almizcle y lavanda que son la base del perfume. Esto se puede sentir a medida que crece en madurez.","https://cdn.shopify.com/s/files/1/0847/7553/4899/files/lattafa-suqraat.png?v=1704382288",local-assets+disfragancias
"Lattafa",lattafa,"Khamrah",khamrah,products/lattafa/khamrah/01.jpg,"Lattafa Khamrah Dukhan",lattafa-lattafa-khamrah-dukhan,0.6,decants,25650,"El nuevo Khamrah Dukhan 100ml de Lattafa Perfumes es una obra maestra gourmand embriagadora y ahumada que cautiva los sentidos con su calidez misteriosa y su encanto picante y dulce. Una evolución más profunda y oscura de la línea Khamrah, Khamrah Dukhan fusiona la riqueza oriental con la sensualidad moderna, perfecta para quienes desean un aroma audaz y lujoso que deje un rastro duradero de misterio y elegancia. La fragancia se abre con la intensidad ardiente del pimiento y las especias cálidas","https://cdn.shopify.com/s/files/1/0847/7553/4899/files/lattafakhamrahdukhan.jpg?v=1744990719",local-assets+disfragancias
"Lattafa",lattafa,"Khamrah Dukhan",khamrah-dukhan,products/lattafa/khamrah-dukhan/01.jpg,"Lattafa Khamrah Dukhan",lattafa-lattafa-khamrah-dukhan,0.8,decants,25650,"El nuevo Khamrah Dukhan 100ml de Lattafa Perfumes es una obra maestra gourmand embriagadora y ahumada que cautiva los sentidos con su calidez misteriosa y su encanto picante y dulce. Una evolución más profunda y oscura de la línea Khamrah, Khamrah Dukhan fusiona la riqueza oriental con la sensualidad moderna, perfecta para quienes desean un aroma audaz y lujoso que deje un rastro duradero de misterio y elegancia. La fragancia se abre con la intensidad ardiente del pimiento y las especias cálidas","https://cdn.shopify.com/s/files/1/0847/7553/4899/files/lattafakhamrahdukhan.jpg?v=1744990719",local-assets+disfragancias
"Lattafa",lattafa,"Khamrah Qahwa",khamrah-qahwa,products/lattafa/khamrah-qahwa/01.jpg,"Lattafa Khamrah Dukhan",lattafa-lattafa-khamrah-dukhan,0.55,decants,25650,"El nuevo Khamrah Dukhan 100ml de Lattafa Perfumes es una obra maestra gourmand embriagadora y ahumada que cautiva los sentidos con su calidez misteriosa y su encanto picante y dulce. Una evolución más profunda y oscura de la línea Khamrah, Khamrah Dukhan fusiona la riqueza oriental con la sensualidad moderna, perfecta para quienes desean un aroma audaz y lujoso que deje un rastro duradero de misterio y elegancia. La fragancia se abre con la intensidad ardiente del pimiento y las especias cálidas","https://cdn.shopify.com/s/files/1/0847/7553/4899/files/lattafakhamrahdukhan.jpg?v=1744990719",local-assets+disfragancias
"Lattafa",lattafa,"Lattafaeclairepistacheboxandbottle",lattafaeclairepistacheboxandbottle,products/lattafa/lattafaeclairepistacheboxandbottle/01.jpg,"Lattafa Suqraat",lattafa-lattafa-suqraat,0.4,decants,20900,"Este perfume se encuentra inspirado en Acqua Di Gio Profumo de Giorgio Armani Suqraat es una fragancia elegante y atemporal que cautiva por su naturaleza opaca. Hay algunas notas que se pueden sentir inmediatamente como almizcle y lavanda que son la base del perfume. Esto se puede sentir a medida que crece en madurez.","https://cdn.shopify.com/s/files/1/0847/7553/4899/files/lattafa-suqraat.png?v=1704382288",local-assets+disfragancias
"Lattafa",lattafa,"Lattafamusamamblackintenseedp100mlsprayboxbottle",lattafamusamamblackintenseedp100mlsprayboxbottle,products/lattafa/lattafamusamamblackintenseedp100mlsprayboxbottle/01.jpg,"Lattafa Suqraat",lattafa-lattafa-suqraat,0.4,decants,20900,"Este perfume se encuentra inspirado en Acqua Di Gio Profumo de Giorgio Armani Suqraat es una fragancia elegante y atemporal que cautiva por su naturaleza opaca. Hay algunas notas que se pueden sentir inmediatamente como almizcle y lavanda que son la base del perfume. Esto se puede sentir a medida que crece en madurez.","https://cdn.shopify.com/s/files/1/0847/7553/4899/files/lattafa-suqraat.png?v=1704382288",local-assets+disfragancias
"Lattafa",lattafa,"Mayar Natural Intense",mayar-natural-intense,products/lattafa/mayar-natural-intense/01.jpg,"lattafa mayar cherry intense",lattafa-lattafa-mayar-cherry-intense,0.64,decants,25650,"Mayar Cherry Intense de Lattafa Perfumes es una fragancia opulenta y envolvente de la familia Oriental Vainilla, diseñada para hombres y mujeres que desean una experiencia olfativa dulce y sofisticada. Lanzada en 2024, esta creación destaca por su carácter gourmand con un toque moderno y sensual. La apertura es fresca y frutal, con notas de fresa y bergamota, que brindan un inicio vibrante y jugoso. En el corazón, el delicioso Cherry Jam se combina con la intensidad del cacao, creando un contras","https://cdn.shopify.com/s/files/1/0847/7553/4899/files/Lattafa_Mayar_Cherry_Intense.png?v=1733605257",local-assets+disfragancias
"Lattafa",lattafa,"Musamam White",musamam-white,products/lattafa/musamam-white/01.jpg,"Lattafa Musamam Black Intense",lattafa-lattafa-musamam-black-intense,0.52,decants,23750,"El Lujo Oscuro en su Máxima Intensidad Musamam Black Intense de Lattafa es una obra maestra de la perfumería moderna que desafía los límites de lo convencional. Lanzada en 2025 , esta fragancia Amaderada Aromática es una creación del maestro perfumista Jordi Fernández , diseñada para quienes buscan una firma olfativa con carácter, misterio y una sofisticación imponente. Es un perfume que equilibra la frescura herbal con una base densa y resinosa, utilizando ingredientes exclusivos para lograr un","https://cdn.shopify.com/s/files/1/0847/7553/4899/files/Lattafa_Musamam_Black_Intense.jpg?v=1771348971",local-assets+disfragancias
"Lattafa",lattafa,"Yara Candy",yara-candy,products/lattafa/yara-candy/01.jpg,"Set Lattafa Yara + Lattafa Yara candy",lattafa-set-yara-yara-candy,0.7,,310000,"Descubre la combinación perfecta de dulzura y sofisticación con el set de regalo Yara &amp; Yara Candy de Lattafa. Dos fragancias irresistibles que envuelven la piel en notas afrutadas, cremosas y envolventes, diseñadas para quienes buscan un aroma vibrante y seductor. Yara EDP 100 ml Un perfume tropical y cálido que se abre con la suavidad floral del heliotropo y la orquídea, envuelta en la frescura cítrica de la mandarina. En el corazón, un acorde gourmand y frutas tropicales aportan un toque ","https://cdn.shopify.com/s/files/1/0847/7553/4899/files/SetYara_Yaracandy_1c9c4300-6060-45cf-aa3b-00e10431d38d.png?v=1742868084",local-assets+disfragancias
"Lattafa",lattafa,"Yara Moi",yara-moi,products/lattafa/yara-moi/01.jpg,"Lattafa Yara Elixir",lattafa-lattafa-yara-elixir,0.55,decants,25000,"Un Elixir de Dulzura y Misterio Prepárate para ser envuelta en una estela irresistiblemente deliciosa y sofisticada . Yara Elixir no es solo un perfume, es una declaración de elegancia gourmand que te hará destacar. Desde el primer instante, tus sentidos son cautivados por un arranque sorprendentemente tentador: la jugosa y ácida Grosella Negra se fusiona con la dulzura nostálgica y acaramelada de la nota de Malvaviscos con Fresa ( Strawberry S’mores ), creando una apertura adictiva y única. El ","https://cdn.shopify.com/s/files/1/0847/7553/4899/files/Lattafa_Yara_Elixir.jpg?v=1764863430",local-assets+disfragancias
"Lattafa",lattafa,"Yaraelixirbottlebox",yaraelixirbottlebox,products/lattafa/yaraelixirbottlebox/01.jpg,"Lattafa Suqraat",lattafa-lattafa-suqraat,0.4,decants,20900,"Este perfume se encuentra inspirado en Acqua Di Gio Profumo de Giorgio Armani Suqraat es una fragancia elegante y atemporal que cautiva por su naturaleza opaca. Hay algunas notas que se pueden sentir inmediatamente como almizcle y lavanda que son la base del perfume. Esto se puede sentir a medida que crece en madurez.","https://cdn.shopify.com/s/files/1/0847/7553/4899/files/lattafa-suqraat.png?v=1704382288",local-assets+disfragancias
"Lattafa",lattafa,"Myyaragiftset",myyaragiftset,products/lattafa/myyaragiftset/01.jpg,"Lattafa Suqraat",lattafa-lattafa-suqraat,0.4,decants,20900,"Este perfume se encuentra inspirado en Acqua Di Gio Profumo de Giorgio Armani Suqraat es una fragancia elegante y atemporal que cautiva por su naturaleza opaca. Hay algunas notas que se pueden sentir inmediatamente como almizcle y lavanda que son la base del perfume. Esto se puede sentir a medida que crece en madurez.","https://cdn.shopify.com/s/files/1/0847/7553/4899/files/lattafa-suqraat.png?v=1704382288",local-assets+disfragancias
"Orientica",orientica,"14",14,products/orientica/14/01.jpg,"Orientica Desert Dusk",orientica-orientica-desert-dusk,0.4,decants,38000,"El Susurro Sedoso del Atardecer Desert Dusk es una fragancia hipnótica que captura la serena belleza del crepúsculo , el momento en que el desierto se vuelve suave y soñador. Esta mezcla elegante es la quintaesencia de la calma, el confort y el lujo discreto . La fragancia se despliega con la delicadeza de flores blancas , bañadas por un acorde atalcado que evoca la sensación de un velo suave y sedoso. Este inicio tranquilo te transporta a la quietud del atardecer. En el corazón, Desert Dusk se ","https://cdn.shopify.com/s/files/1/0847/7553/4899/files/1_7c6dfac3-ffa6-4c08-9438-440d12ef0ba6.jpg?v=1762265604",local-assets+disfragancias
"Orientica",orientica,"Ambernoir Grande",ambernoir-grande,products/orientica/ambernoir-grande/01.jpg,"Orientica Desert Dusk",orientica-orientica-desert-dusk,0.4,decants,38000,"El Susurro Sedoso del Atardecer Desert Dusk es una fragancia hipnótica que captura la serena belleza del crepúsculo , el momento en que el desierto se vuelve suave y soñador. Esta mezcla elegante es la quintaesencia de la calma, el confort y el lujo discreto . La fragancia se despliega con la delicadeza de flores blancas , bañadas por un acorde atalcado que evoca la sensación de un velo suave y sedoso. Este inicio tranquilo te transporta a la quietud del atardecer. En el corazón, Desert Dusk se ","https://cdn.shopify.com/s/files/1/0847/7553/4899/files/1_7c6dfac3-ffa6-4c08-9438-440d12ef0ba6.jpg?v=1762265604",local-assets+disfragancias
"Orientica",orientica,"Oudsaffron Grande",oudsaffron-grande,products/orientica/oudsaffron-grande/01.jpg,"Orientica Desert Dusk",orientica-orientica-desert-dusk,0.4,decants,38000,"El Susurro Sedoso del Atardecer Desert Dusk es una fragancia hipnótica que captura la serena belleza del crepúsculo , el momento en que el desierto se vuelve suave y soñador. Esta mezcla elegante es la quintaesencia de la calma, el confort y el lujo discreto . La fragancia se despliega con la delicadeza de flores blancas , bañadas por un acorde atalcado que evoca la sensación de un velo suave y sedoso. Este inicio tranquilo te transporta a la quietud del atardecer. En el corazón, Desert Dusk se ","https://cdn.shopify.com/s/files/1/0847/7553/4899/files/1_7c6dfac3-ffa6-4c08-9438-440d12ef0ba6.jpg?v=1762265604",local-assets+disfragancias
"Orientica",orientica,"Royalamber",royalamber,products/orientica/royalamber/01.jpg,"Orientica Desert Dusk",orientica-orientica-desert-dusk,0.4,decants,38000,"El Susurro Sedoso del Atardecer Desert Dusk es una fragancia hipnótica que captura la serena belleza del crepúsculo , el momento en que el desierto se vuelve suave y soñador. Esta mezcla elegante es la quintaesencia de la calma, el confort y el lujo discreto . La fragancia se despliega con la delicadeza de flores blancas , bañadas por un acorde atalcado que evoca la sensación de un velo suave y sedoso. Este inicio tranquilo te transporta a la quietud del atardecer. En el corazón, Desert Dusk se ","https://cdn.shopify.com/s/files/1/0847/7553/4899/files/1_7c6dfac3-ffa6-4c08-9438-440d12ef0ba6.jpg?v=1762265604",local-assets+disfragancias
"Orientica",orientica,"Royalbleu Grande",royalbleu-grande,products/orientica/royalbleu-grande/01.jpg,"Orientica Desert Dusk",orientica-orientica-desert-dusk,0.4,decants,38000,"El Susurro Sedoso del Atardecer Desert Dusk es una fragancia hipnótica que captura la serena belleza del crepúsculo , el momento en que el desierto se vuelve suave y soñador. Esta mezcla elegante es la quintaesencia de la calma, el confort y el lujo discreto . La fragancia se despliega con la delicadeza de flores blancas , bañadas por un acorde atalcado que evoca la sensación de un velo suave y sedoso. Este inicio tranquilo te transporta a la quietud del atardecer. En el corazón, Desert Dusk se ","https://cdn.shopify.com/s/files/1/0847/7553/4899/files/1_7c6dfac3-ffa6-4c08-9438-440d12ef0ba6.jpg?v=1762265604",local-assets+disfragancias
"Orientica",orientica,"Velvetgold Grande",velvetgold-grande,products/orientica/velvetgold-grande/01.jpg,"Orientica Desert Dusk",orientica-orientica-desert-dusk,0.4,decants,38000,"El Susurro Sedoso del Atardecer Desert Dusk es una fragancia hipnótica que captura la serena belleza del crepúsculo , el momento en que el desierto se vuelve suave y soñador. Esta mezcla elegante es la quintaesencia de la calma, el confort y el lujo discreto . La fragancia se despliega con la delicadeza de flores blancas , bañadas por un acorde atalcado que evoca la sensación de un velo suave y sedoso. Este inicio tranquilo te transporta a la quietud del atardecer. En el corazón, Desert Dusk se ","https://cdn.shopify.com/s/files/1/0847/7553/4899/files/1_7c6dfac3-ffa6-4c08-9438-440d12ef0ba6.jpg?v=1762265604",local-assets+disfragancias